codigo,producto,ficha_anio,ficha_info,ficha_oem,ficha_medidas,imagen_producto,url_ficha,fuente,titulo,categoria,pieza,posicion,lado,diametro_int,diametro_ext,altura,diametro_int_filtro,diametro_ext_filtro,altura_filtro,abs
RR10,RODAMIENTO,,Aplicaciones: ALFA ROMEO 33 90>96 | ALFA ROMEO 145 94>02 | ALFA ROMEO 146 96>02 | ALFA ROMEO 155 92>98 | ALFA ROMEO 164 91>93 | FIAT BRAVA 00>03 | FIAT BRAVO | FIAT DOBLO 12> | FIAT FIORUNO 96> | FIAT IDEA 05> | FIAT LINEA | FIAT MAREA 98> | FIAT PUNTO | FIAT STRADA 99> | FIAT TEMPRA 92> | FIAT TIPO 93> | RENAULT R9 96>97 | RENAULT R19 (NACIONAL) 92>02 | RENAULT CLIO 91>00 | RENAULT CLIO II 00>12 | RENAULT CLIO MIO 13> | RENAULT EXPRESS 95> | RENAULT KANGOO 98> | RENAULT LAGUNA 93> | RENAULT LOGAN 07> | RENAULT MEGANE 97>02 | RENAULT MEGANE II 03> | RENAULT SANDERO 08> | RENAULT SCENIC 98>01 | RENAULT SYMBOL 09> | RENAULT TWINGO,GB 12807 | BAH-0094 AD | 4RR12807 | PW37720037CS | GB12807S05 | 713630030,Ø int: 37 | Ø ext: 72 | Alt: 37 | ABS: NO,,,CILBRAKE,,RODAMIENTOS,RUEDA,DEL,IZQ/DER,37,72,37,37,72,37,NO
RCC2631,RODAMIENTO,,Aplicaciones: ALFA ROMEO 33 90>96 | AUDI 100 90>96 | AUDI A6 95>97 | BMW 318 82> | CHEVROLET AGILE 09> | CHEVROLET CELTA 11> | CHEVROLET CHEVETTE 91>94 | CHEVROLET CLASSIC 10> | CHEVROLET CORSA 94>10 | CHEVROLET CORSA COMBO 98> | CHEVROLET IPANEMA 89>98 | CHEVROLET KADETT 89>98 | CHEVROLET MONZA 91>98 | CHEVROLET PRISMA 11>13 | CHEVROLET TIGRA 96> | CHEVROLET VECTRA | CHRYSLER / DODGE VALIANT 62>64 | DAEWOO CIELO 94>01 | DAEWOO ESPERO 92>99 | DAEWOO LANOS 97>03 | DAEWOO NUBIRA 94> | DAEWOO RACER 93>97 | FORD ESCORT 88>95 | FORD FALCON 62>63 | FORD GALAXY 92>96 | FORD RANCHERO 62>63 | FORD TAUNUS 74>85 | HYUNDAI ATOS 98>03 | HYUNDAI EXCEL 92>95 | KIA AVELA 98>01 | KIA PRIDE 92>01 | MAZDA 323 90>95 | MERCEDES BENZ 190 82>93 | MERCEDES BENZ 190 E 82>93 | MERCEDES BENZ CLASE E (124) 93> | OPEL K-180 75>84 | SEAT CORDOBA 93>00 | SEAT IBIZA 92>00 | SEAT INCA 92>00 | SEAT TOLEDO 92>00 | SUZUKI FUN 03>11 | TOYOTA COROLLA 78>83 | VOLKSWAGEN CARAT 87> | VOLKSWAGEN GACEL 83> | VOLKSWAGEN GOL 91> | VOLKSWAGEN GOL TREND 09> | VOLKSWAGEN GOLF 90>99 | VOLKSWAGEN PASSAT 90> | VOLKSWAGEN POLO 96>00 | VOLKSWAGEN QUANTUM 91>00,11749/710 | LM 11749/710 | 4RR1749 | L11749/10 | SET 1,Ø int: 17.462 | Ø ext: 39.878 | Alt: 13.843 | ABS: NO,,,CILBRAKE,,RODAMIENTOS,CONO/CUBETA,TRAS,EXT,17.462,39.878,13.843,17,39,13,NO
RCC53,RODAMIENTO,,Aplicaciones: ALFA ROMEO 33 90>96 | AUDI 100 90>96 | AUDI A4 94>01 | AUDI A6 95>97 | BMW 318 82> | CHEVROLET AGILE 09> | CHEVROLET CELTA 11> | CHEVROLET CHEVETTE 91>94 | CHEVROLET CLASSIC 10> | CHEVROLET CORSA 94>10 | CHEVROLET CORSA COMBO 98> | CHEVROLET IPANEMA 89>98 | CHEVROLET KADETT 89>98 | CHEVROLET MONZA 91>98 | CHEVROLET PRISMA 11>13 | CHEVROLET TIGRA 96> | CHEVROLET VECTRA | DAEWOO CIELO 94>01 | DAEWOO ESPERO 92>99 | DAEWOO LANOS 97>03 | DAEWOO NUBIRA 94> | DAEWOO RACER 93>97 | FORD ESCORT 88>95 | FORD GALAXY 92>96 | SEAT CORDOBA 93>00 | SEAT IBIZA 92>00 | SEAT INCA 92>00 | SEAT TOLEDO 92>00 | SUZUKI FUN 03>11 | TOYOTA COROLLA 78>83 | VOLKSWAGEN CARAT 87> | VOLKSWAGEN GACEL 83> | VOLKSWAGEN GOL 91> | VOLKSWAGEN GOL TREND 09> | VOLKSWAGEN GOLF 90>99 | VOLKSWAGEN PASSAT 90> | VOLKSWAGEN POLO 96>00 | VOLKSWAGEN QUANTUM 91>00 | VOLKSWAGEN SAVEIRO 90> | VOLKSWAGEN SENDA 89>97 | VOLKSWAGEN VOYAGE 08>,45449/410 | L 45449/410/Q | 4RR45449410 | L45449/10 | 518772A | SET 8,Ø int: 29 | Ø ext: 50.292 | Alt: 14.224 | ABS: NO,,,CILBRAKE,,RODAMIENTOS,CONO/CUBETA,TRAS,INT,29,50.292,14.224,29,50,14,NO
RR88,RODAMIENTO,,Aplicaciones: ALFA ROMEO 145 94/02 | ALFA ROMEO 146 96/02 | ALFA ROMEO MITO 09/.. | FIAT 500 08/.. | FIAT ARGO | FIAT ARGO 17/.. | FIAT BARCHETTA 95/.. | FIAT BRAVA 00/03 | FIAT CRONOS | FIAT CRONOS 17/.. | FIAT DOBLO 12/.. | FIAT FIORINO 02/.. | FIAT GRAND SIENA 12/.. | FIAT IDEA 05/.. | FIAT IDEA 10/.. | FIAT LINEA 09/.. | FIAT MAREA 98/.. | FIAT MAREA WEEKEND 98/.. | FIAT PALIO 06/.. | FIAT PALIO ADVENTURE 12/.. | FIAT PALIO WEEKEND 06/.. | FIAT PUNTO 07/.. | FIAT PUNTO 11/.. | FIAT PUNTO 08/.. | FIAT SIENA 04/.. | FIAT STRADA 99/.. | FIAT TEMPRA 92/.. | RENAULT LOGAN 07/.. | RENAULT MEGANE II 03/.. | RENAULT SANDERO 08/.. | RENAULT SANDERO STEPWAY 09/.. | RENAULT SYMBOL 09/.. | VOLKSWAGEN GOL | VOLKSWAGEN GOL TREND | VOLKSWAGEN VOYAGE,4RR40706M | XGB-40706 | BAH-0055AAX | XGB 40706 | BAH-0055 AAX,Ø int: 37 | Ø ext: 72 | Alt: 37 | ABS: SI,,,CILBRAKE,,RODAMIENTOS,RUEDA,DEL,IZQ/DER,37,72,37,37,72,37,SI
RR84,RODAMIENTO,,Aplicaciones: ALFA ROMEO MITO 08> | FIAT BRAVA 99>02 | FIAT BRAVO 95>01 | FIAT FIORINO 08> | FIAT IDEA 05> | FIAT LINEA 07> | FIAT MAREA 96>02 | FIAT PUNTO 05> | FIAT QUBO 11> | FIAT STILO 02>06,XGB 40714 | BAH-0053ADX | PW35720033CSM | XGB70714P | 713606390,Ø int: 35 | Ø ext: 72 | Alt: 33 | ABS: SI,,,CILBRAKE,,RODAMIENTOS,RUEDA,DEL,IZQ/DER,35,72,33,35,72,33,SI
RCC49,RODAMIENTO,,Aplicaciones: ASIA TOPIC 91>02 | CHEVROLET SPARK 08>11 | DACIA 1310 90> | DACIA 1410 90> | DAEWOO MATIZ 97> | KIA BESTA 92> | MAZDA B2200 90>97 | MAZDA B2500 97>03 | MAZDA B2600 92>97 | MAZDA B2900 00>04 | RENAULT R4 S 70>84 | RENAULT R6 70>84 | RENAULT R12 70>95 | RENAULT R18 81>95 | RENAULT FUEGO 84>93 | RENAULT TRAFIC 85> | SUBARU JUSTY 90>96,30205 | 30205 J2/QV | 4RR30205 | 30205M,Ø int: 25 | Ø ext: 52 | Alt: 16.25 | ABS: NO,,,CILBRAKE,,RODAMIENTOS,CONO/CUBETA,TRAS,INT,25,52,16.25,25,52,16,NO
RCC64,RODAMIENTO,,Aplicaciones: ASIA TOPIC 91>02 | CHEVROLET 400 | CHEVROLET C10 63> | CHEVROLET C20 91>97 | CHEVROLET CHEVY 73> | CHEVROLET D20 91>97 | CHEVROLET LUV 4X2 92> | CHRYSLER / DODGE D200 68> | CHRYSLER / DODGE D100 60> | FORD EXPLORER 4X2 95> | FORD F100 59>73 | FORD F1000 93>99 | FORD F150 93>00 | FORD RANGER 4X2 95>01 | HYUNDAI GALLOPER 95>03 | HYUNDAI H1 97> | HYUNDAI H100 94> | I.M.E. RASTROJERO 74> | ISUZU LUV 4X2 92>06 | KIA BESTA 92> | MAZDA B2200 90>97 | MAZDA B2500 97>03 | MAZDA B2600 92>97 | MAZDA B2900 00>04 | MITSUBISHI L200 4X2 92> | MITSUBISHI L300 4X2 90>02 | NISSAN PICK-UP 92>02 | TOYOTA 4 RUNNER 90> | TOYOTA HI ACE 90>97 | TOYOTA HILUX 4X2 90>97,48548/510 | LM 48548/510/Q | 4RR48548510 | LM48548/10 | SET 5,Ø int: 34.92 | Ø ext: 65.09 | Alt: 18.034 | ABS: NO,,,CILBRAKE,,RODAMIENTOS,CONO/CUBETA,DEL,INT,34.92,65.09,18.034,34,65,18,NO
RCC2645,RODAMIENTO,,Aplicaciones: ASIA TOWNER 91>03 | CITROEN VISA 79> | PEUGEOT 504 81>00 | PEUGEOT 504 PICK UP 70>91 | PEUGEOT 505 83>97 | PEUGEOT 604 75>85 | RENAULT R5 88>92,32005 X | 32005 X/QVB015 | 4RR32005 | 32005X,Ø int: 25 | Ø ext: 47 | Alt: 15 | ABS: NO,,,CILBRAKE,,RODAMIENTOS,CONO/CUBETA,DEL,EXT,25,47,15,25,47,15,NO
RCC14A,RODAMIENTO,,Aplicaciones: AUDI A4 94>01 | BMW 320 82> | CHEVROLET 400 | CHEVROLET C10 63> | CHEVROLET CHEVY 73> | CHEVROLET CORSA COMBO 98> | CHRYSLER / DODGE 1500 70> | CHRYSLER / DODGE CORONADO 69> | CHRYSLER / DODGE D100 60>68 | CHRYSLER / DODGE GTX 70> | CHRYSLER / DODGE POLARA 68> | CHRYSLER / DODGE VALIANT 65> | FIAT 125 68> | FIAT 1500 63> | FIAT 1600 69>72 | FORD EXPLORER 4X2 91> | FORD F100 59>73 | FORD FAIRLANE 69>72 | FORD FALCON 64>69 | FORD RANCHERO 64>69 | FORD RANGER 4X2 93>01 | FORD TRANSIT 96>01 | I.M.E. RASTROJERO 74> | TOYOTA CELICA 78>83 | TOYOTA CORONA 77>84 | VOLKSWAGEN 1500 82>91 | VOLKSWAGEN 1800 82>91 | VOLKSWAGEN CADDY 98> | VOLKSWAGEN KOMBI 80>,11949/910 | LM 11949/910/Q | 4RR1949 | LM11949/10 | SET 2,Ø int: 19.05 | Ø ext: 45.237 | Alt: 15.494 | ABS: NO,,,CILBRAKE,,RODAMIENTOS,CONO/CUBETA,DEL,EXT,19.05,45.237,15.494,19,45,15,NO
RCC33,RODAMIENTO,,Aplicaciones: BMW 320 82> | CHEVROLET BLAZER 4X2 96>00 | CHEVROLET C10 80> | CHEVROLET CORSA COMBO 98> | CHEVROLET S10 4x2 96>00 | CHEVROLET SILVERADO 97>03 | CHRYSLER / DODGE CORONADO 69> | CHRYSLER / DODGE GTX 70> | CHRYSLER / DODGE POLARA 68> | CHRYSLER / DODGE VALIANT 65> | FIAT 125 68> | FIAT 1500 63> | FIAT 1600 69>72 | FORD EXPLORER 4X2 91>95 | FORD FAIRLANE 69>72 | FORD FALCON 64>69 | FORD RANCHERO 64>69 | FORD RANGER 4X2 93>95 | FORD TRANSIT 96>01 | MERCEDES BENZ 190 82>93 | MERCEDES BENZ 190 E 82>93 | MERCEDES BENZ CLASE E (124) 93> | TOYOTA CELICA 78>83 | TOYOTA CORONA 77>84 | VOLKSWAGEN KOMBI 80>,67048/010 | LM 67048/010/Q | 4RR67048010 | LM67048/10 | SET 6,Ø int: 31.75 | Ø ext: 59.131 | Alt: 15.875 | ABS: NO,,,CILBRAKE,,RODAMIENTOS,CONO/CUBETA,DEL,INT,31.75,59.131,15.875,31,59,15,NO
RR42,RODAMIENTO,,Aplicaciones: BMW ECOSPORT 4X2 03> | BMW ECOSPORT 4X4 03> | BMW FIESTA 03>11 | BMW FIESTA KINETIC 12> | CHERY FOCUS 00>08 | CHEVROLET KA NVO,801663 AA | BAH-0106 DX | 4RR10106M | 713678100 | BAH-0109 C | 4RR801663,Ø int: 39 | Ø ext: 72 | Alt: 37 | ABS: NO,,,CILBRAKE,,RODAMIENTOS,RUEDA,DEL,IZQ/DER,39,72,37,39,72,37,NO
RR06,RODAMIENTO,,Aplicaciones: CHERY QQ 10> | FORD GALAXY 92>93 | VOLKSWAGEN CARAT 87>92 | VOLKSWAGEN GACEL 83>93 | VOLKSWAGEN GOL 91>93 | VOLKSWAGEN PASSAT <94 | VOLKSWAGEN QUANTUN 91>93 | VOLKSWAGEN SAVEIRO 90>93 | VOLKSWAGEN SENDA 89>93,RE 45747 | BAHB 311315 AD | 4RR311315 | PW39680037CS | 540733 | R170.07 | 713610160 | 510024,Ø int: 39 | Ø ext: 68.07 | Alt: 37 | ABS: NO,,,CILBRAKE,,RODAMIENTOS,RUEDA,DEL,IZQ/DER,39,68.07,37,39,68,37,NO
RR30,RODAMIENTO,,Aplicaciones: CHERY QQ 10> | CHEVROLET AVEO 08> | CHEVROLET SPARK 11> | CITROEN AX 91> | CITROEN C3 03> | CITROEN SAXO 01>05 | CITROEN VISA | CITROEN XSARA 98>05 | CITROEN ZX 93> | PEUGEOT 106 95>03 | PEUGEOT 205 88>00 | PEUGEOT 206 98> | PEUGEOT 207 08> | PEUGEOT 306 95>03 | RENAULT R9 87>97 | RENAULT R11 84>95 | RENAULT R19 92>02 | RENAULT CLIO 91>00 | RENAULT CLIO II 00>12 | RENAULT CLIO MIO 13> | RENAULT EXPRESS | RENAULT LOGAN 07> | RENAULT MEGANE 97>02 | RENAULT SANDERO 08> | RENAULT SYMBOL 09> | RENAULT TWINGO 92>03,FC 12025 | BT2B445539CC | 4RR12025 | PW25520037CSHD2 | FC12025S01 | B292-1447HB | 513001,Ø int: 25 | Ø ext: 52 | Alt: 37 | ABS: NO,,,CILBRAKE,,RODAMIENTOS,RUEDA,TRAS,IZQ/DER,25,52,37,25,52,37,NO
RR50,RODAMIENTO,,Aplicaciones: CHEVROLET 318 <03 | CHEVROLET 320 <03 | CHEVROLET 325 <03 | CHEVROLET 330 <03 | CHEVROLET FACE 11> | DAEWOO ASTRA 95>98 | DAEWOO IPANEMA 89>98 | DAEWOO KADETT 89>98 | DAEWOO MONZA 91>98 | DAEWOO OMEGA 92>98 | FORD CIELO 94>01 | FORD COURIER 97> | FORD ESCORT 96>03 | FORD ESPERO 92>99 | FORD FIESTA 94>02 | FORD GALAXY 94>96 | FORD KA 97> | FORD LANOS 97>03 | FORD NUBIRA 94> | FORD ORION 93>98 | FORD RACER 93>97 | FORD VECTRA 92> | VOLKSWAGEN CARAT 93> | VOLKSWAGEN CROSS FOX 05> | VOLKSWAGEN FOX 03> | VOLKSWAGEN GACEL 94> | VOLKSWAGEN GOL 94>03 | VOLKSWAGEN GOL TREND 09> | VOLKSWAGEN PASSAT 94> | VOLKSWAGEN POINTER 93>97 | VOLKSWAGEN POLO 96> | VOLKSWAGEN QUANTUM 94>00 | VOLKSWAGEN SAVEIRO 94> | VOLKSWAGEN SAVEIRO TREND 09> | VOLKSWAGEN SENDA 94>97 | VOLKSWAGEN SURAN 06> | VOLKSWAGEN VOYAGE 08>,F 110622 | BAH-0036 | 4RR311396 | PW39720037CS | GB12776 | 542186CA | 513113,Ø int: 39 | Ø ext: 72 | Alt: 37 | ABS: NO,,,CILBRAKE,,RODAMIENTOS,RUEDA,DEL,IZQ/DER,39,72,37,39,72,37,NO
RR02,RODAMIENTO,,Aplicaciones: CHEVROLET AGILE 09> | CHEVROLET ASTRA 95>98 | CHEVROLET CELTA 11> | CHEVROLET CLASSIC 10> | CHEVROLET CORSA 94>10 | CHEVROLET CORSA COMBO 98> | CHEVROLET PRISMA 11>13 | CHEVROLET TIGRA 96> | CHEVROLET VECTRA 95>98 | DAEWOO CIELO 94>01 | SUZUKI FUN 03>11,F 110487 | BAHB 636114 A | 4RR636114 | PW34660037CS | R153.25 | 713664150,Ø int: 34 | Ø ext: 66 | Alt: 37 | ABS: NO,,,CILBRAKE,,RODAMIENTOS,RUEDA,DEL,IZQ/DER,34,66,37,34,66,37,NO
RCC63,RODAMIENTO,,Aplicaciones: CHEVROLET AGILE 09> | CHEVROLET CELTA 11> | CHEVROLET CLASSIC 10> | CHEVROLET CORSA 94>10 | CHEVROLET CORSA COMBO 98> | CHEVROLET KADET 89>98 | CHEVROLET MONZA 91>98 | CHEVROLET PRISMA 11>13 | CHEVROLET TIGRA 96> | CHEVROLET VECTRA | SUZUKI FUN 03>11,14544 | VKBA4544 | 4RR4429K,Ø int: 17.462 / 29.000 | Ø ext: 39.878 / 50.292 | Alt: 13.843 / 14.732 | ABS: NO,,,CILBRAKE,,RODAMIENTOS,CONO/CUBETA,TRAS,INT/EXT,17.462 / 29.000,39.878 / 50.292,13.843 / 14.732,,,,NO
RR13,RODAMIENTO,,Aplicaciones: CHEVROLET AVEO | CHEVROLET SPARK | DAEWOO CIELO 94>99 | DAEWOO NUBIRA | DAEWOO RACER,309726 | BAH-0092 | PW34640037CS | 803647.02 | GB10884 | 713691010 | SET 35,Ø int: 34 | Ø ext: 64 | Alt: 37 | ABS: NO,,,CILBRAKE,,RODAMIENTOS,RUEDA,DEL,IZQ/DER,34,64,37,34,64,37,NO
RCC32,RODAMIENTO,,Aplicaciones: CHEVROLET BLAZER 4X2 96>00 | CHEVROLET C10 80> | CHEVROLET C20 91>97 | CHEVROLET D20 91>97 | CHEVROLET LUV 4X2 92> | CHEVROLET S10 4x2 96>00 | CHEVROLET SILVERADO 97>03 | CHRYSLER / DODGE D100 68> | CHRYSLER / DODGE D200 68> | FORD F1000 93>99 | FORD F150 93>00 | HYUNDAI GALLOPER 95>03 | HYUNDAI H1 97> | HYUNDAI H100 94> | ISUZU LUV 4X2 92>06 | MITSUBISHI L200 4X2 92> | MITSUBISHI L300 4X2 90>02 | NISSAN PICK-UP 92>02 | TOYOTA 4 RUNNER 90> | TOYOTA HI ACE 90>97 | TOYOTA HILUX 4X2 90>97,12649/610 | M 12649/610/Q | 4RR12649610 | M12649/10 | SET 3,Ø int: 21.43 | Ø ext: 50.005 | Alt: 17.526 | ABS: NO,,,CILBRAKE,,RODAMIENTOS,CONO/CUBETA,DEL,EXT,21.43,50.005,17.526,21,50,17,NO
RCC34,RODAMIENTO,,Aplicaciones: CHEVROLET BLAZER 4X2 / 4X4 96>00 | CHEVROLET C10 80> | CHEVROLET C20 91>97 | CHEVROLET D20 91>97 | CHEVROLET S10 4X2 / 4X4 96>00 | CHEVROLET SILVERADO 97>03 | CHRYSLER / DODGE CHEROKEE | CHRYSLER / DODGE D100 80> | CHRYSLER / DODGE GRAND CHEROKEE | FORD F100 86>92 | FORD F1000 93>99 | FORD F150 86>96 | FORD RANGER 4X4 06>12 | HONDA PASSPORT 4X4 96> | HYUNDAI GALLOPER 95>03 | HYUNDAI H1 97> | HYUNDAI H100 94> | JEEP CHEROKEE 99> | JEEP GRAND CHEROKEE 99> | JEEP WRANGLER 07> | KIA BESTA 92> | OPEL K-180 75>84 | RENAULT R18 81>95 | SSANG-YONG KORANDO 95>03 | SSANG-YONG MUSSO 95>07 | VOLVO 240 82>93 | VOLVO 245 82>93 | VOLVO 740 86>92 | VOLVO 940 91>98 | VOLVO 945 91>98 | VOLVO 960 91>98,SET 10 | 4RRSET10 | U399/U360L (SET 10),Ø int: 39.688 | Ø ext: 73.025 | Alt: 22.098 | ABS: NO,,,CILBRAKE,,RODAMIENTOS,RUEDA,TRAS,-,39.688,73.025,22.098,39,73,22,NO
RCC2642,RODAMIENTO,,Aplicaciones: CHEVROLET BLAZER 4X2 / 4X4 00> | CHEVROLET S10 4X2 / 4X4 00>12 | FORD F100 97> | FORD F150 97> | FORD RANGER 95>01 | FORD RANGER 4X4 97> | MERCEDES BENZ SPRINTER 310 96> | NISSAN FRONTIER 4X2 / 4X4 10>,SET 80 | 4RRSET80 | U497/U460L (SET 80),Ø int: 45 | Ø ext: 80 | Alt: 26 | ABS: NO,,,CILBRAKE,,RODAMIENTOS,RUEDA,TRAS,-,45,80,26,45,80,26,NO
RR19,RODAMIENTO,,Aplicaciones: CHEVROLET C10 63> | CHRYSLER / DODGE D100 63> | FORD EXPLORER 59>80 | FORD F100 59<86 | FORD F150 <86 | FORD FAIRLANE 69>70 | I.M.E. RASTROJERO 71>,88128 R | 12G-88128 TN9/GJN | 4RR88128 | 208KRR4 C3 | 577188,Ø int: 38.892 | Ø ext: 80 | Alt: 27.5 | ABS: NO,,,CILBRAKE,,RODAMIENTOS,RUEDA,TRAS,IZQ/DER,38.892,80,27.5,38,80,27,NO
RCC41,RODAMIENTO,,Aplicaciones: CHEVROLET CHEVETTE 91>94 | FORD RANCHERO 73>93 | FORD RANGER 4X4 00>06 | FORD RANGER 4X4 06>12 | KIA GRAND SPORTAGE 98>03 | KIA SPORTAGE 93>03 | NISSAN PICK-UP 92>02 | PEUGEOT 404 70>82 | PEUGEOT 504 70>82 | PEUGEOT 504 PICK UP 70>91 | PEUGEOT 505,SET 9 | 4RRSET9 | U298/U261L (SET 9),Ø int: 35 | Ø ext: 65 | Alt: 18.1 | ABS: NO,,,CILBRAKE,,RODAMIENTOS,RUEDA,TRAS,-,35,65,18.1,35,65,18,NO
RR03,RODAMIENTO,,Aplicaciones: CHEVROLET COBALT 11>,13500488 | VKBC 4219 | 713644970,Ø int: 40 | Ø ext: 78 | Alt: 0 | ABS: NO,,,CILBRAKE,,RODAMIENTOS,RUEDA,DEL,IZQ/DER,40,78,0,40,78,0,NO
RR56,RODAMIENTO,,Aplicaciones: CHEVROLET CORSA CLASSIC 94<02 | CITROEN C3 AIRCROSS 10/.. | CITROEN C3 PICASSO 11/.. | CITROEN C4 CACTUS | CITROEN DS3 10/.. | PEUGEOT 207 | PEUGEOT 207 CC 08/.. | PEUGEOT 208 | PEUGEOT 208 13/.. | PEUGEOT 307 01/12 | RENAULT KANGOO 08/15,FC 41645 | BTH‐1222 B | 4RR41645 | FC41645 | BTH-1222B,Ø int: 30 | Ø ext: 62 | Alt: 48 | ABS: NO,,,CILBRAKE,,RODAMIENTOS,RUEDA,TRAS,IZQ/DER,30,62,48,30,62,48,NO
RR12,RODAMIENTO,,Aplicaciones: CHEVROLET CORSA II 02> | CHEVROLET MERIVA 03> | CHEVROLET MONTANA 11>,F 553648 | VKBA3600 | 4RR803775 | PW34670037CS | R153.39 | 713644080,Ø int: 34 | Ø ext: 67 | Alt: 37 | ABS: NO,,,CILBRAKE,,RODAMIENTOS,RUEDA,DEL,IZQ/DER,34,67,37,34,67,37,NO
RR22,RODAMIENTO,,Aplicaciones: CHEVROLET CORSA II 02> | CHEVROLET MERIVA 03> | CHEVROLET MONTANA 11>,FC 40650 | VKBA3601 | 4RR40650 | PW27530043CSHD | FC40650S01 | 713644220,Ø int: 27 | Ø ext: 53 | Alt: 43 | ABS: NO,,,CILBRAKE,,RODAMIENTOS,RUEDA,TRAS,IZQ/DER,27,53,43,27,53,43,NO
RCC31A,RODAMIENTO,,Aplicaciones: CHEVROLET SPARK 08>11 | DAEWOO MATIZ 97> | FORD COURIER | FORD ESCORT 88>95 | FORD SIERRA 84>93,68145/111 | BT1B 332541 AB/Q | 4RR332541 | L68145/11 (SET 24) | 540484 | SET 24,Ø int: 35 | Ø ext: 60 | Alt: 15.875 | ABS: NO,,,CILBRAKE,,RODAMIENTOS,CONO/CUBETA,AMBAS,INT/EXT,35,60,15.875,35,60,15,NO
RCC2648,RODAMIENTO,,Aplicaciones: CHEVROLET SPARK 08>11 | DACIA 1310 90> | DACIA 1410 90> | DAEWOO MATIZ 97> | RENAULT R4 S 70>84 | RENAULT R6 70>84 | RENAULT R12 70>95 | RENAULT R18 81>95 | RENAULT FUEGO 84>93 | SUBARU JUSTY 90>96,30204 | 30204 J2/Q | 4RR30204 | 30204M,Ø int: 20 | Ø ext: 47 | Alt: 15.25 | ABS: NO,,,CILBRAKE,,RODAMIENTOS,CONO/CUBETA,TRAS,EXT,20,47,15.25,20,47,15,NO
RCC2640,RODAMIENTO,,Aplicaciones: CHRYSLER / DODGE 1500 70> | CHRYSLER / DODGE VALIANT 62>64 | FORD FALCON 62>63 | FORD RANCHERO 62>63 | FORD TAUNUS 74>85 | HYUNDAI ATOS 98>03 | HYUNDAI EXCEL 92>95 | KIA AVELA 98>01 | KIA PRIDE 92>01 | MAZDA 323 90>95 | OPEL K-180 75>84 | VOLKSWAGEN 1500 82>91 | VOLKSWAGEN 1800 82>91,44649/610 | L 44649/610/Q | 4RR4649 | L44649/10 | SET 4,Ø int: 26.988 | Ø ext: 50.292 | Alt: 14.224 | ABS: NO,,,CILBRAKE,,RODAMIENTOS,CONO/CUBETA,DEL,INT,26.988,50.292,14.224,26,50,14,NO
RR01,RODAMIENTO,,Aplicaciones: CHRYSLER / DODGE 1500 76> | CHRYSLER / DODGE CORONADO 69> | CHRYSLER / DODGE GTX 70> | CHRYSLER / DODGE POLARA 68> | CHRYSLER / DODGE VALIANT 65> | FORD FAIRLANE 70> | FORD FALCON 64>93 | FORD RANCHERO 64>93 | FORD TAUNUS 74>85 | OPEL K-180 75>84 | VOLKSWAGEN 1500 82>91 | VOLKSWAGEN 1800 82>91,RW 207 HHR | 2G-RW 507 J | 4RRRW507 | RW207CCR,Ø int: 35 | Ø ext: 72 | Alt: 21.5 | ABS: NO,,,CILBRAKE,,RODAMIENTOS,RUEDA,TRAS,IZQ/DER,35,72,21.5,35,72,21,NO
RR28,RODAMIENTO,,Aplicaciones: CITROEN AX 91> | CITROEN C15 93>04 | CITROEN SAXO 01>05 | CITROEN XSARA 98>99 | CITROEN ZX 93> | FIAT QUBO 11> | FIAT TIPO 93> | PEUGEOT 106 95>99 | PEUGEOT 205 88>00,GB 40582 | BA2B446762B | 4RR12094 | PW35720033CS | GB12094 | 548083,Ø int: 35 | Ø ext: 72 | Alt: 33 | ABS: NO,,,CILBRAKE,,RODAMIENTOS,RUEDA,DEL,IZQ/DER,35,72,33,35,72,33,NO
RR11,RODAMIENTO,,Aplicaciones: CITROEN BERLINGO 98> | CITROEN BX 90> | CITROEN C4 07> | CITROEN PICASSO | CITROEN XANTIA 93>01 | CITROEN XSARA 95>05 | CITROEN XSARA PICASSO 01> | CITROEN ZX 93> | PEUGEOT 205 92>96 | PEUGEOT 206 | PEUGEOT 207 | PEUGEOT 306 95>03 | PEUGEOT 307 01>12 | PEUGEOT 405 91>03 | PEUGEOT 406 96>05 | PEUGEOT HOGGAR 11> | PEUGEOT PARTNER 98>,GB 12163 | BAH-0185D | 4RR12163 | PW42820036CS | GB12875 | 713640180 | 513073,Ø int: 42 | Ø ext: 82 | Alt: 36 | ABS: NO,,,CILBRAKE,,RODAMIENTOS,RUEDA,DEL,IZQ/DER,42,82,36,42,82,36,NO
RCC72,RODAMIENTO,,Aplicaciones: CITROEN BERLINGO 98> | CITROEN C15 93>04 | PEUGEOT 405 91>03 | PEUGEOT PARTNER 98>,68933,Ø int: 50 | Ø ext: 58 | Alt: 26.5 | ABS: NO,,,CILBRAKE,,RODAMIENTOS,SUSPENSION,TRAS,EXT,50,58,26.5,50,58,26,NO
RCC82,RODAMIENTO,,Aplicaciones: CITROEN BERLINGO 98> | CITROEN C15 93>04 | PEUGEOT 405 91>03 | PEUGEOT PARTNER 98>,68934,Ø int: 50 | Ø ext: 58 | Alt: 25 | ABS: NO,,,CILBRAKE,,RODAMIENTOS,SUSPENSION,TRAS,INT,50,58,25,50,58,25,NO
RR08A,RODAMIENTO,,Aplicaciones: CITROEN C3 03> | CITROEN SAXO 01>05 | CITROEN XSARA 92>05 | PEUGEOT 106 99>03 | PEUGEOT 206 98> | PEUGEOT 207 08>,GB 40547 | BAH-0051B | 4RR40547 | PW37720033CS | GB40547S01 | 713650060,Ø int: 37 | Ø ext: 72 | Alt: 33 | ABS: NO,,,CILBRAKE,,RODAMIENTOS,RUEDA,DEL,IZQ/DER,37,72,33,37,72,33,NO
RR21,RODAMIENTO,,Aplicaciones: CITROEN C3 03> | CITROEN C4 | CITROEN DS3 | CITROEN SAXO 01>05 | CITROEN XSARA 92>05 | PEUGEOT 106 99>03 | PEUGEOT 206 98> | PEUGEOT 207 08> | PEUGEOT 208,GB 40547 | BAH-0051B | 4RR40547 | PW37720033CS | GB40547S01 | 713650060,Ø int: 37 | Ø ext: 72 | Alt: 33 | ABS: SI,,,CILBRAKE,,RODAMIENTOS,RUEDA,DEL,IZQ/DER,37,72,33,37,72,33,SI
RR58,RODAMIENTO,,Aplicaciones: CITROEN C4 CACTUS,FC41950 | VKBA6726,Ø int: 25 | Ø ext: 52 | Alt: 0 | ABS: NO,,,CILBRAKE,,RODAMIENTOS,RUEDA,TRAS,IZQ/DER,25,52,0,25,52,0,NO
RR26,RODAMIENTO,,Aplicaciones: CITROEN JUMPER 99> | CITROEN JUMPER 10> | FIAT DUCATO 02> | FIAT DUCATO 10> | FORD TRANSIT 96>01 | IVECO DAILY 40S.14 07> | IVECO DAILY 60.12 03>05 | IVECO DAILY 35C.14 (CHASIS) 10> | IVECO DAILY 50.13 07> | IVECO DAILY 55C.16 07> | IVECO DAILY 70.12 (CHASIS) 05> | IVECO DAILY 70.13 (CHASIS) 07> | IVECO DAILY 70C.16 07> | MERCEDES BENZ SPRINTER 311 96> | MERCEDES BENZ SPRINTER 312 96> | MERCEDES BENZ SPRINTER 313 96> | MERCEDES BENZ SPRINTER 412 96> | MERCEDES BENZ SPRINTER 413 96> | PEUGEOT BOXER 02> | PEUGEOT BOXER 10> | RENAULT MASTER 99>06 | RENAULT MASTER 06> | SSANG-YONG ISTANA 97>02,FC 40918 S02 | BTH-1132B | 4RR329129 | PW49840048CSHD | FC40918S02 | 713630800 | 516010,Ø int: 49 | Ø ext: 84 | Alt: 48 | ABS: NO,,,CILBRAKE,,RODAMIENTOS,RUEDA,DEL,IZQ/DER,49,84,48,49,84,48,NO
RR81,RODAMIENTO,,Aplicaciones: CITROEN JUMPER 94>06 | FIAT DUCATO 02>06 | PEUGEOT BOXER 94>06,FC 40784 S01 | VKBA3642 | PW42750060CSHD | FC40784S01 | 713640330,Ø int: 42 | Ø ext: 75 | Alt: 60 | ABS: NO,,,CILBRAKE,,RODAMIENTOS,RUEDA,TRAS,IZQ/DER,42,75,60,42,75,60,NO
RCC70,RODAMIENTO,,Aplicaciones: CITROEN XSARA 92> | CITROEN ZX 93> | PEUGEOT 205 88>00 | PEUGEOT 306 95>03,47260 | 4RR47260 + 4RR47937,Ø int: 47 | Ø ext: 53 | Alt: 24.5 | ABS: NO,,,CILBRAKE,,RODAMIENTOS,SUSPENSION,TRAS,EXT,47,53,24.5,47,53,24,NO
RCC80,RODAMIENTO,,Aplicaciones: CITROEN XSARA 92> | CITROEN ZX 93> | PEUGEOT 205 88>00 | PEUGEOT 306 95>03,47937,Ø int: 42 | Ø ext: 49 | Alt: 22 | ABS: NO,,,CILBRAKE,,RODAMIENTOS,SUSPENSION,TRAS,INT,42,49,22,42,49,22,NO
RCC2,RODAMIENTO,,Aplicaciones: DACIA 1310 90> | DACIA 1410 90> | RENAULT R12 70>95,6207 ANB12 | 6207 N/VP089 | 4RR6207NV,Ø int: 35 | Ø ext: 72 | Alt: 17 | ABS: NO,,,CILBRAKE,,RODAMIENTOS,RUEDA,DEL,INT/EXT,35,72,17,35,72,17,NO
RR17,RODAMIENTO,,Aplicaciones: FIAT 128 71>77 | FIAT 128 EUROPA 78>91 | FIAT 128 SUPER EUROPA 78>91 | FIAT 147 82<85 | FIAT 147 85>97 | FIAT BRIO 86> | FIAT DUNA <85 | FIAT DUNA 85> | FIAT REGATTA 85>95 | FIAT SPAZIO 85>97 | FIAT UNO <85 | FIAT UNO 85> | FIAT UNO 70S 94> | FIAT VIVACE 92>98,BA 2B 633313 | BAHB 633313EA | 4RR633313 | PW30600337CS | 615505 | R158.30 | 713690160 | 513116,Ø int: 30 | Ø ext: 60.03 | Alt: 37 | ABS: NO,,,CILBRAKE,,RODAMIENTOS,RUEDA,AMBAS,IZQ/DER,30,60.03,37,30,60,37,NO
RR08,RODAMIENTO,,Aplicaciones: FIAT 128 EUROPA 78>91 | FIAT 128 SUPER EUROPA 78>91 | FIAT 147 85>97 | FIAT BRIO 86> | FIAT DUNA 85> | FIAT FIORINO 88> | FIAT FIORUNO 96> | FIAT IDEA | FIAT PALIO 97> | FIAT PALIO ADVENTURE 05> | FIAT PALIO WEEKEND 97> | FIAT PUNTO | FIAT REGATTA 85>95 | FIAT SIENA 97> | FIAT SPAZIO 85>97 | FIAT UNO 85> | FIAT VIVACE 92>98 | VOLVO 460 90>97,BAH 0031 | BAH-0031 D | 4RR633295 | PW35680037CS | GB12132S02 | 13690050 | B 33,Ø int: 35 | Ø ext: 68 | Alt: 37 | ABS: NO,,,CILBRAKE,,RODAMIENTOS,RUEDA,DEL,IZQ/DER,35,68,37,35,68,37,NO
RR15,RODAMIENTO,,Aplicaciones: FIAT 147 82>97 | FIAT BRIO 86> | FIAT DUNA 85> | FIAT FIORINO 88> | FIAT FIORUNO 96> | FIAT PALIO 97> | FIAT PALIO WEEKEND 97> | FIAT PUNTO 07> | FIAT REGATTA 85>95 | FIAT SIENA 97> | FIAT SPAZIO 85>97 | FIAT UNO 85> | FIAT VIVACE 92>98,F 110165 | 4RR110165 | F-110165 | 710002110,Ø int: 23 | Ø ext: 47.3 | Alt: 27.2 | ABS: NO,,,CILBRAKE,,RODAMIENTOS,SEMIEJE,DEL,IZQ/DER,23,47.3,27.2,23,47,27,NO
RR82,RODAMIENTO,,Aplicaciones: FIAT 500 | FIAT GRAND SIENA 12>14 | FIAT TIPO 88>95 | FIAT UNO 10>14,GB 12306 | BAH-0015E | PW35660033CS | GB12306S01 | 805998,Ø int: 35 | Ø ext: 66 | Alt: 33 | ABS: NO,,,CILBRAKE,,RODAMIENTOS,RUEDA,DEL,IZQ/DER,35,66,33,35,66,33,NO
RCC37,RODAMIENTO,,Aplicaciones: FIAT DUCATO 92>01 | MERCEDES BENZ SPRINTER 4X4 | PEUGEOT BOXER 95>01,32010 X | VKBA 1444 | 4RR32010XK | 32010X,Ø int: 50 | Ø ext: 80 | Alt: 20 | ABS: NO,,,CILBRAKE,,RODAMIENTOS,CONO/CUBETA,DEL,INT/EXT,50,80,20,50,80,20,NO
RCC35,RODAMIENTO,,Aplicaciones: FIAT DUCATO | PEUGEOT BOXER,32006 X | VKHB 2267 | 32006X,Ø int: 30 | Ø ext: 55 | Alt: 17 | ABS: NO,,,CILBRAKE,,RODAMIENTOS,CONO/CUBETA,TRAS,EXT,30,55,17,30,55,17,NO
RCC36,RODAMIENTO,,Aplicaciones: FIAT DUCATO | PEUGEOT BOXER,32008 X | VKHB2188 | 32008X,Ø int: 40 | Ø ext: 68 | Alt: 19 | ABS: NO,,,CILBRAKE,,RODAMIENTOS,CONO/CUBETA,TRAS,INT,40,68,19,40,68,19,NO
RCC46,RODAMIENTO,,Aplicaciones: FIAT DUCATO | MERCEDES BENZ 180 | PEUGEOT BOXER,32206 | VKHB2016,Ø int: 30 | Ø ext: 62 | Alt: 21.25 | ABS: NO,,,CILBRAKE,,RODAMIENTOS,CONO/CUBETA,TRAS,EXT,30,62,21.25,30,62,21,NO
RR63,RODAMIENTO,,Aplicaciones: FIAT IDEA,XGB 12132 S02,Ø int: 35 | Ø ext: 68 | Alt: 0 | ABS: NO,,,CILBRAKE,,RODAMIENTOS,RUEDA,DEL,IZQ/DER,35,68,0,35,68,0,NO
RR102,RODAMIENTO,,Aplicaciones: FORD ECOSPORT 03> | FORD FIESTA 03> | FORD FOCUS 00> | FORD MONDEO 94>,F 125091 | 4RR122901 | 712187810,Ø int: 45 | Ø ext: 75 | Alt: 0 | ABS: NO,,,CILBRAKE,,RODAMIENTOS,SEMIEJE,DEL,IZQ/DER,45,75,0,45,75,0,NO
RR45,RODAMIENTO,,Aplicaciones: FORD ECOSPORT 4X2 03> | FORD FIESTA 03>11 | FORD FOCUS 00>08,801023 AB | BTH-1206AB | 4RR801023 | PW29530037CSHD | R152.56 | 713678030 | 516007,Ø int: 29 | Ø ext: 53 | Alt: 37 | ABS: NO,,,CILBRAKE,,RODAMIENTOS,RUEDA,TRAS,IZQ/DER,29,53,37,29,53,37,NO
RCC69,RODAMIENTO,,Aplicaciones: FORD ESCORT 88>95 | FORD SIERRA 84>93,14687 | VKBA4687 | 4RR4687K,Ø int: 35.000 / 35.000 | Ø ext: 60.000 / 60.000 | Alt: 15.875 / 15.875 | ABS: NO,,,CILBRAKE,,RODAMIENTOS,CONO/CUBETA,DEL,INT/EXT,35.000 / 35.000,60.000 / 60.000,15.875 / 15.875,,,,NO
RCC68,RODAMIENTO,,Aplicaciones: FORD ESCORT 96>03 | FORD FIESTA 94>02 | FORD KA 97> | FORD ORION 93>98 | VOLKSWAGEN POINTER 93>97,14533 | VKBA4533 | 4RR4533K,Ø int: 29.000 / 29.000 | Ø ext: 50.292 / 50.292 | Alt: 17.520 / 17.520 | ABS: NO,,,CILBRAKE,,RODAMIENTOS,CONO/CUBETA,TRAS,INT/EXT,29.000 / 29.000,50.292 / 50.292,17.520 / 17.520,,,,NO
RCC52,RODAMIENTO,,Aplicaciones: FORD ESCORT 96>03 | FORD FIESTA 94>02 | FORD KA 97> | FORD ORION 93>98 | VOLKSWAGEN CADDY 98> | VOLKSWAGEN POINTER 93>97,BT1B 329013 Q | BT1B 329013 A/Q | 4RR329013 | 329013 | XC110240CG / L45410 | 572428,Ø int: 29 | Ø ext: 50.308 | Alt: 17.5 | ABS: NO,,,CILBRAKE,,RODAMIENTOS,CONO/CUBETA,TRAS,INT/EXT,29,50.308,17.5,29,50,17,NO
RCC39,RODAMIENTO,,Aplicaciones: FORD F100 73>92 | FORD F1000 73>92 | FORD F150 73>92 | HYUNDAI ELANTRA 73>92 | HYUNDAI SCOUPE 73>92,29749/710 | LM29749/10 | SET 70,Ø int: 38.1 | Ø ext: 65.088 | Alt: 18.034 | ABS: NO,,,CILBRAKE,,RODAMIENTOS,CONO/CUBETA,DEL,INT,38.1,65.088,18.034,38,65,18,NO
RCC38,RODAMIENTO,,Aplicaciones: FORD F100 74>92 | FORD F150 86>92 | FORD FAIRLANE 70> | FORD FALCON 70>93 | FORD RANCHERO 70>93 | FORD RANGER 4X2 95>01 | MERCEDES BENZ CLASE C (202) 93>00 | MERCEDES BENZ CLASE E (124) 93> | MERCEDES BENZ CLASE E (S 210) 96>05 | MERCEDES BENZ CLASE E (W 210) 96>02 | MERCEDES BENZ CLK (208) 97> | VOLKSWAGEN TRANSPORTER 83>92 | VOLVO 240 82>93 | VOLVO 245 82>93,12749/710 | LM 12749/710/Q | 4RR12749710 | LM12749/10 | SET 12,Ø int: 22 | Ø ext: 45.237 | Alt: 15.494 | ABS: NO,,,CILBRAKE,,RODAMIENTOS,CONO/CUBETA,DEL,EXT,22,45.237,15.494,22,45,15,NO
RCC2614,RODAMIENTO,,Aplicaciones: FORD F100 4X2 00> | FORD F100 4X4 99> | FORD F150 4X4 96> | FORD F250 75>92 | FORD F350 74>93 | FORD F4000 93> | HYUNDAI GALLOPER 95>03 | KIA GRAND SPORTAGE 98>03 | KIA SPORTAGE 93>03 | MITSUBISHI L200 4X4 92> | MITSUBISHI L300 4X4 90>02 | MITSUBISHI MONTERO 90> | TOYOTA 4 RUNNER 90> | TOYOTA LAND CRUSIER 90>00 | TOYOTA HILUX 92>05 | TOYOTA HILUX SW4 92>05,102949/910 | LM 102949-Q/LM10 | 4RR102949 | L102949/10 | R169.15 | SET 47,Ø int: 45.242 | Ø ext: 73.431 | Alt: 19.558 | ABS: NO,,,CILBRAKE,,RODAMIENTOS,CONO/CUBETA,DEL,INT,45.242,73.431,19.558,45,73,19,NO
RCC2608,RODAMIENTO,,Aplicaciones: FORD FALCON >98 | VOLVO 245 82>93,68149/110 | L 68149/110/Q | 4RR68149110 | CROSS TIMKEN,Ø int: 35 | Ø ext: 59.131 | Alt:  | ABS: NO,,,CILBRAKE,,RODAMIENTOS,CONO/CUBETA,DEL,INT,35,59.131,,35,59,,NO
RR53,RODAMIENTO,,Aplicaciones: FORD FOCUS III | FORD FOCUS III 13/.. | FORD KUGA | FORD KUGA 4X4 13/.. | VOLKSWAGEN GOL | VOLKSWAGEN SENDA,713678950 | VKBA6636 | 4RR6636M,Ø int: 45 | Ø ext: 82 | Alt: 42 | ABS: NO,,,CILBRAKE,,RODAMIENTOS,RUEDA,DEL,IZQ/DER,45,82,42,45,82,42,NO
RCC54,RODAMIENTO,,Aplicaciones: FORD GALAXY 92>96 | SEAT CORDOBA 93>00 | SEAT IBIZA 92>00 | SEAT INCA 92>00 | SEAT TOLEDO 92>00 | VOLKSWAGEN CARAT 87>92 | VOLKSWAGEN GACEL 83>95 | VOLKSWAGEN GOL 91> | VOLKSWAGEN GOL TREND 09> | VOLKSWAGEN GOLF 90>99 | VOLKSWAGEN PASSAT 90> | VOLKSWAGEN POLO 96>00 | VOLKSWAGEN QUANTUM 91>00 | VOLKSWAGEN SAVEIRO 90> | VOLKSWAGEN SENDA 89>97 | VOLKSWAGEN VOYAGE 08>,14529 | VKBA4529 | 4RR4429K,Ø int: 17.462 / 29.000 | Ø ext: 39.878 / 50.292 | Alt: 13.843 / 14.732 | ABS: NO,,,CILBRAKE,,RODAMIENTOS,CONO/CUBETA,TRAS,INT/EXT,17.462 / 29.000,39.878 / 50.292,13.843 / 14.732,,,,NO
RR29,RODAMIENTO,,Aplicaciones: FORD MONDEO 93>06 | VOLVO S40 97>04 | VOLVO V40 97>04,BAHB 633966 | BAHB633966BB | PW40750037CS | R152.42 | 713660130 | 510029,Ø int: 40 | Ø ext: 75 | Alt: 37 | ABS: NO,,,CILBRAKE,,RODAMIENTOS,RUEDA,DEL,IZQ/DER,40,75,37,40,75,37,NO
RR44,RODAMIENTO,,Aplicaciones: FORD RANGER,FW23 | PW45850051CSHD | JRM4549CS‐90UN9 | JRM 4549 ES | JRM4549,Ø int: 45 | Ø ext: 85 | Alt: 51 | ABS: NO,,,CILBRAKE,,RODAMIENTOS,RUEDA,DEL,IZQ/DER,45,85,51,45,85,51,NO
RR109,RODAMIENTO,,Aplicaciones: FORD RANGER SW23,FW23 | PW45850051CSHD | JRM4549CS‐90UN9,Ø int: 45 | Ø ext: 85 | Alt: 51 | ABS: NO,,,CILBRAKE,,RODAMIENTOS,,,,45,85,51,45,85,51,NO
RCC71,RODAMIENTO,,Aplicaciones: PEUGEOT 206 98>,70214 | 4RR70214 + 4RR70216,Ø int: 47 | Ø ext: 53.000 * 67.000 | Alt: 26 | ABS: NO,,,CILBRAKE,,RODAMIENTOS,SUSPENSION,TRAS,INT,47,53.000 * 67.000,26,47,,26,NO
RCC81,RODAMIENTO,,Aplicaciones: PEUGEOT 206 98>,70216,Ø int: 47 | Ø ext: 53 | Alt: 19 | ABS: NO,,,CILBRAKE,,RODAMIENTOS,SUSPENSION,TRAS,EXT,47,53,19,47,53,19,NO
RR67,RODAMIENTO,,Aplicaciones: PEUGEOT 408 11>,XGB 40574P | BAH-0186A | 4RR0186M | XGB40574P | 713630760,Ø int: 42 | Ø ext: 82 | Alt: 0 | ABS: NO,,,CILBRAKE,,RODAMIENTOS,RUEDA,DEL,IZQ/DER,42,82,0,42,82,0,NO
RCC47,RODAMIENTO,,Aplicaciones: PEUGEOT 504 81>00 | PEUGEOT 504 PICK UP 70>91 | PEUGEOT 505 83>97 | PEUGEOT 604 75>85,320/32 X | 442882/Q | 4RR442882 | 320/32X,Ø int: 32 | Ø ext: 58 | Alt: 17 | ABS: NO,,,CILBRAKE,,RODAMIENTOS,CONO/CUBETA,DEL,INT,32,58,17,32,58,17,NO
RR66,RODAMIENTO,,Aplicaciones: PEUGEOT 2008 13>,XGB 40547 | BAH-0072 ABX | 4RR40547M | XGB40547S01P | 713640310,Ø int: 37 | Ø ext: 72 | Alt: 0 | ABS: NO,,,CILBRAKE,,RODAMIENTOS,RUEDA,DEL,IZQ/DER,37,72,0,37,72,0,NO
RR15A,RODAMIENTO,,Aplicaciones: RENAULT R4 S 70>84 | RENAULT R6,440190,Ø int: 36 | Ø ext: 76 | Alt: 27 | ABS: NO,,,CILBRAKE,,RODAMIENTOS,RUEDA,DEL,IZQ/DER,36,76,27,36,76,27,NO
RR20,RODAMIENTO,,Aplicaciones: RENAULT R9 87>95 | RENAULT R11 84>95 | RENAULT R19 (CHARADE) 91>93 | RENAULT CLIO 91>98 | RENAULT TWINGO 92>03,FC 12033 | BT2B445620BB | 4RR12033 | PW35650035CS | 445620 | FC12033S01 | 713630180 | JRM3535A-90U02,Ø int: 35 | Ø ext: 65 | Alt: 35 | ABS: NO,,,CILBRAKE,,RODAMIENTOS,RUEDA,DEL,IZQ/DER,35,65,35,35,65,35,NO
RCC75,RODAMIENTO,,Aplicaciones: RENAULT R9 87>97 | RENAULT R11 84>95 | RENAULT R19 92>02 | RENAULT KANGOO 98> | RENAULT MEGANE 97>02,KIT 042 VR | VKDA 27009 | 4RR042K | KS 555.02,Ø int:  | Ø ext:  | Alt:  | ABS: NO,,,CILBRAKE,,RODAMIENTOS,SUSPENSION,TRAS,IZQ/DER,,,,,,,NO
RR68,RODAMIENTO,,Aplicaciones: RENAULT R9 87>97 | RENAULT R11 84>95 | RENAULT R19 92>02 | RENAULT R21 86>97 | RENAULT CLIO 91> | RENAULT EXPRESS 95> | RENAULT KANGOO 98> | RENAULT MEGANE 97>02 | RENAULT MEGANE II 03> | RENAULT NEVADA | RENAULT SCENIC | RENAULT TWINGO 92>03,F 89628.1 | 4RR89628 | F-89628 | 712038910,Ø int: 26 | Ø ext: 47 | Alt: 27 | ABS: NO,,,CILBRAKE,,RODAMIENTOS,SEMIEJE,DEL,IZQ/DER,26,47,27,26,47,27,NO
RR01A,RODAMIENTO,,Aplicaciones: RENAULT R9 87>97 | RENAULT R11 84>95 | RENAULT R19 92>02 | RENAULT CLIO 91>,F 89647.3,Ø int: 24.5 | Ø ext: 47 | Alt: 88 | ABS: NO,,,CILBRAKE,,RODAMIENTOS,EMBRAGUE,-,-,24.5,47,88,24,47,88,NO
RR300,RODAMIENTO,,Aplicaciones: RENAULT R18 81>95 | RENAULT R21 86>97 | RENAULT FUEGO 84>93 | RENAULT NEVADA 86>97,TGB 10872 S02 | BA2B445533A | 4RR10872 | PHU10872 | TGB10872 | 713630170 | 513144KK,Ø int: 40 | Ø ext: 108 | Alt: 32 | ABS: NO,,,CILBRAKE,,RODAMIENTOS,RUEDA,DEL,IZQ/DER,40,108,32,40,108,32,NO
RCC73,RODAMIENTO,,Aplicaciones: RENAULT R21 86>97 | RENAULT EXPRESS 95> | RENAULT KANGOO 98> | RENAULT NEVADA 86>97,KIT 041 VR | VKDA 27010 | 4RR041K | KS 555.01,Ø int:  | Ø ext:  | Alt:  | ABS: NO,,,CILBRAKE,,RODAMIENTOS,SUSPENSION,TRAS,IZQ/DER,,,,,,,NO
RR48,RODAMIENTO,,Aplicaciones: RENAULT CAPTUR | RENAULT DUSTER 4X2 / 4X4 11> | RENAULT FLUENCE 10> | RENAULT MEGANE II | RENAULT MEGANE III 11> | RENAULT OROCH 4X2 / 4X4 16>,XGB 41793 | VKBA6682 | 4RR6682MK | PW42800039CSM | XGB41793R01 | 713631110,Ø int: 42 | Ø ext: 80 | Alt: 39 | ABS: SI,,,CILBRAKE,,RODAMIENTOS,RUEDA,DEL,IZQ/DER,42,80,39,42,80,39,SI
RCC74,RODAMIENTO,,Aplicaciones: RENAULT CLIO 91>00 | RENAULT CLIO II 00>12,KIT 040 VR | VKDA 27013 | 4RR040K | KS 555.00,Ø int:  | Ø ext:  | Alt:  | ABS: NO,,,CILBRAKE,,RODAMIENTOS,SUSPENSION,TRAS,IZQ/DER,,,,,,,NO
RR25,RODAMIENTO,,Aplicaciones: RENAULT CLIO III 05>14 | RENAULT MEGANE II 02>10 | RENAULT TWINGO 08>,FC 40858 S03 | VKBA3639 | 4RR40858 | PW25550045CSHD | FC40858S03 | 713630950 | K85059,Ø int: 25 | Ø ext: 55 | Alt: 45 | ABS: NO,,,CILBRAKE,,RODAMIENTOS,RUEDA,TRAS,IZQ/DER,25,55,45,25,55,45,NO
RR31,RODAMIENTO,,Aplicaciones: RENAULT DUSTER 4X2 11> | RENAULT LATITUDE,FC 41722 S01,Ø int: 30 | Ø ext: 62 | Alt: 48 | ABS: SI,,,CILBRAKE,,RODAMIENTOS,RUEDA,TRAS,IZQ/DER,30,62,48,30,62,48,SI
RR59,RODAMIENTO,,Aplicaciones: RENAULT FLUENCE,FC41977 | VKBA3676 | FC41288S03 | 713630970,Ø int: 25 | Ø ext: 55 | Alt: 0 | ABS: NO,,,CILBRAKE,,RODAMIENTOS,RUEDA,TRAS,IZQ/DER,25,55,0,25,55,0,NO
RR51,RODAMIENTO,,Aplicaciones: RENAULT LAGUNA | RENAULT MEGANE COUPE | RENAULT SCENIC,GB 40250,Ø int: 40 | Ø ext: 84.025 | Alt: 38 | ABS: NO,,,CILBRAKE,,RODAMIENTOS,RUEDA,DEL,IZQ/DER,40,84.025,38,40,84,38,NO
RR92,RODAMIENTO,,Aplicaciones: RENAULT LOGAN 07>,XGB 41140 P,Ø int: 37 | Ø ext: 72.04 | Alt: 0 | ABS: NO,,,CILBRAKE,,RODAMIENTOS,RUEDA,DEL,IZQ/DER,37,72.04,0,37,72,0,NO
RR93,RODAMIENTO,,Aplicaciones: RENAULT LOGAN 07>10,XGB 41371 P,Ø int: 37 | Ø ext: 72 | Alt: 0 | ABS: NO,,,CILBRAKE,,RODAMIENTOS,RUEDA,DEL,IZQ/DER,37,72,0,37,72,0,NO
RR57,RODAMIENTO,,Aplicaciones: RENAULT LOGAN II 12/.. | RENAULT SANDERO 09/..,FC 41795 S01 | VKBA 6658 | 4RR41795,Ø int: 25 | Ø ext: 55 | Alt: 43 | ABS: NO,,,CILBRAKE,,RODAMIENTOS,RUEDA,TRAS,IZQ/DER,25,55,43,25,55,43,NO
RCC2643,RODAMIENTO,,Aplicaciones: RENAULT TRAFIC 85>,32007 X | 32007X | 513286,Ø int: 35 | Ø ext: 62 | Alt: 18 | ABS: NO,,,CILBRAKE,,RODAMIENTOS,CONO/CUBETA,TRAS,INT,35,62,18,35,62,18,NO
RR40,RODAMIENTO,,Aplicaciones: RENAULT TRAFIC 85>,GB 10702 | VKBA909 | 4RR10702 | PW42840339CS | GB40549 | GB10702S03 | 713644180,Ø int: 42 | Ø ext: 84.03 | Alt: 39 | ABS: NO,,,CILBRAKE,,RODAMIENTOS,RUEDA,DEL,IZQ/DER,42,84.03,39,42,84,39,NO
RR50A,RODAMIENTO,,Aplicaciones: SEAT CORDOBA 93>03 | SEAT IBIZA 92>03 | SEAT INCA 92>03 | SEAT TOLEDO 92>00 | VOLKSWAGEN CADDY 98> | VOLKSWAGEN GOL 03> | VOLKSWAGEN GOLF 90>99 | VOLKSWAGEN PASSAT 90> | VOLKSWAGEN POLO 96>,F 110457 | BAHB311443B | 4RR311443 | PW40720037CS | GB12320S01 | 566719,Ø int: 40 | Ø ext: 72 | Alt: 37 | ABS: NO,,,CILBRAKE,,RODAMIENTOS,RUEDA,DEL,IZQ/DER,40,72,37,40,72,37,NO
RR60,RODAMIENTO,,Aplicaciones: TOYOTA LAND CRUISER PRADO 05> | TOYOTA HILUX 4X2 05> | TOYOTA HILUX 4X4 07> | TOYOTA HILUX SW4 05>,2DUF054N-2E | VKBA6900 | 4RR0089 | PHU56010 | R141.17 | 713621240 | 515040,Ø int: 54 | Ø ext: 132 | Alt: 51 | ABS: NO,,,CILBRAKE,,RODAMIENTOS,PORTA MAZA,DEL,IZQ/DER,54,132,51,54,132,51,NO
RR32,RODAMIENTO,,Aplicaciones: VOLKSWAGEN AMAROK 10>,713610930 | VKBA6746 | 4RR6746MK | R154.65,Ø int: 49 | Ø ext: 88 | Alt: 0 | ABS: NO,,,CILBRAKE,,RODAMIENTOS,RUEDA,DEL,IZQ/DER,49,88,0,49,88,0,NO
RR52,RODAMIENTO,,Aplicaciones: VOLKSWAGEN FOX | VOLKSWAGEN POLO | VOLKSWAGEN SURAN | VOLKSWAGEN UP 11> | VOLKSWAGEN UP 13/..,XGB 44519 | VKBA6766 | XGB44519 | 4RR6766M,Ø int: 35 | Ø ext: 66 | Alt: 37 | ABS: NO,,,CILBRAKE,,RODAMIENTOS,RUEDA,DEL,IZQ/DER,35,66,37,35,66,37,NO
RR27,RODAMIENTO,,Aplicaciones: VOLKSWAGEN TRANSPORTER 92>,564725 | VKBA3406 | PW45800045CS | R140.97 | 564725AB | 510051,Ø int: 45 | Ø ext: 80 | Alt: 45 | ABS: NO,,,CILBRAKE,,RODAMIENTOS,RUEDA,AMBAS,IZQ/DER,45,80,45,45,80,45,NO
RR6201,RODAMIENTO,,Aplicaciones: LINEA 6000 / 6200 USO VARIO,6201 2RSC3 | 6201‐2RS C3,Ø int: 12 | Ø ext: 32 | Alt: 10 | ABS: NO,,,CILBRAKE,,RODAMIENTOS,LINEA 6200,-,-,12,32,10,12,32,10,NO
RCC21004,RODAMIENTO,,Aplicaciones: LINEA CAMION - ACOPLADO BONANO 70> | LINEA CAMION - ACOPLADO HELVETICA 70> | LINEA CAMION - ACOPLADO HERMANN 70> | LINEA CAMION - ACOPLADO MONTENEGRO 70> | LINEA CAMION - ACOPLADO PRATY | LINEA CAMION - ACOPLADO VULCANO 70>,518445/410 | HM 518445/410 A | 4RR518445410 | HM518445/10 | SET 415,Ø int: 88.9 | Ø ext: 152.42 | Alt: 39.68 | ABS: NO,,,CILBRAKE,,RODAMIENTOS,CONO/CUBETA,TRAS,IZQ/DER,88.9,152.42,39.68,88,152,39,NO
RCC21003,RODAMIENTO,,Aplicaciones: LINEA CAMION - ACOPLADO MERCEDES BENZ | LINEA CAMION - ACOPLADO SCANIA | LINEA CAMION - ACOPLADO VOLVO,32218 | VKHB2030,Ø int: 90 | Ø ext: 160 | Alt: 42.5 | ABS: NO,,,CILBRAKE,,RODAMIENTOS,RUEDA,,IZQ/DER,90,160,42.5,90,160,42,NO
